week_no,group_id,qty,avg_price,discount_rate,weekofyear,neural_eps
1,AUTOMOTIVE,1,4.99,0.0,1,2.0044522
1,COSMETICS,2,4.24,0.0,1,1.9506671
1,DELI,43,4.149342105263158,0.0898834548454047,1,1.9679735
1,DRUG GM,297,2.7370798898071627,0.08345121801797788,1,1.7275746
1,FLORAL,6,8.696666666666667,0.030330603579011222,1,2.0634534
1,GROCERY,1510,2.0375600582510827,0.20492873772074272,1,1.537566
1,MEAT,68,5.325246913580247,0.19430668734843684,1,2.011993
1,MEAT-PCKGD,99,3.3220995670995674,0.1673615084879697,1,1.8472902
1,MISC SALES TRAN,1,1.0,0.0,1,0.79378486
1,MISC. TRANS.,1,7.99,0.0,1,2.0634534
1,NUTRITION,18,2.3393333333333337,0.09401129943502826,1,1.6485145
1,PASTRY,45,2.6988333333333334,0.10457994332205868,1,1.7092108
1,PRODUCE,234,1.729607551497818,0.09492440079731634,1,1.3325341
1,SALAD BAR,2,3.965,0.0,1,1.9506671
1,SEAFOOD,4,9.915,0.10153541357107479,1,2.0757487
1,SEAFOOD-PCKGD,19,3.838846153846154,0.25883876107957376,1,1.8963076
1,SPIRITS,1,3.99,0.0,1,1.9506671
1,VIDEO RENTAL,2,2.5,0.16387959866220733,1,1.6486943
2,CHEF SHOPPE,1,3.99,0.0,2,1.9506671
2,COSMETICS,9,3.3222222222222224,0.1114413075780089,2,1.84635
2,COUP/STR & MFG,1,0.79,0.0,2,0.15499902
2,DELI,72,4.076818181818182,0.06346025384101536,2,1.9679735
2,DRUG GM,462,3.035125704556643,0.1405993690851735,2,1.7646807
2,FLORAL,4,6.1850000000000005,0.0,2,2.0233955
2,GARDEN CENTER,2,1.79,0.0,2,1.3601295
2,GROCERY,3193,2.107142063954866,0.17807656385662282,2,1.537566
2,KIOSK-GAS,2458,1.3460953088508938,0.0018552875695732837,2,0.97709686
2,MEAT,179,4.595050125313283,0.25342259948543633,2,1.9644487
2,MEAT-PCKGD,254,2.4546917148362235,0.24175779058150518,2,1.686561
2,MISC SALES TRAN,2,3.22,0.0,2,1.7801247
2,MISC. TRANS.,4,5.13,0.004861639698480124,2,2.0044522
2,NUTRITION,62,2.4251063829787234,0.0793259350595972,2,1.6783472
2,PASTRY,89,2.5067235935859205,0.11666072065643955,2,1.6783472
2,PRODUCE,385,1.9495245308986908,0.1303225165727338,2,1.4145817
2,SALAD BAR,22,3.714761904761905,0.01610169491525424,2,1.9506671
2,SEAFOOD,4,6.41,0.11464088397790054,2,2.04521
2,SEAFOOD-PCKGD,15,5.087692307692308,0.240656687590536,2,2.0300305
2,SPIRITS,3,9.99,0.0,2,2.0634534
2,TRAVEL & LEISUR,2,3.215,0.0,2,1.759237
3,CHEF SHOPPE,2,3.99,0.0,3,1.9506671
3,COSMETICS,12,2.391666666666667,0.1075870646766169,3,1.6783472
3,DELI,135,4.115032412253655,0.104005487406084,3,1.9679735
3,DRUG GM,658,3.09898168503488,0.07381840856611163,3,1.7646807
3,FLORAL,8,5.327500000000001,0.0,3,2.0044522
3,FROZEN GROCERY,2,2.275,0.0,3,1.6693778
3,GARDEN CENTER,2,10.99,0.04351610095735422,3,2.0757487
3,GROCERY,4032,2.067337175811564,0.19463231582874324,3,1.537566
3,KIOSK-GAS,51598,2.24947829438123,0.020349464298554682,3,1.6693778
3,MEAT,197,4.977837552742616,0.167246807766311,3,2.0177352
3,MEAT-PCKGD,316,2.919162553857511,0.22946478307322815,3,1.708766
3,MISC SALES TRAN,10,5.1755555555555555,0.0,3,2.0044522
3,MISC. TRANS.,2,2.045,0.0,3,1.4115218
3,NUTRITION,62,1.9365217391304348,0.10964659362385698,3,1.3816891
3,PASTRY,89,2.8918243243243245,0.12275039866352798,3,1.7463169
3,PRODUCE,578,1.8698461818411796,0.09295589203423306,3,1.3816891
3,RESTAURANT,2,4.8149999999999995,0.0,3,1.9679735
3,SALAD BAR,21,2.769047619047619,0.0249832327297116,3,1.7092108
3,SEAFOOD,9,4.395,0.23741429970617042,3,1.9644487
3,SEAFOOD-PCKGD,37,4.937307692307693,0.1325294776716641,3,2.0044522
3,SPIRITS,2,8.49,0.0,3,2.0634534
3,TRAVEL & LEISUR,2,5.645,0.0,3,2.0167952
4,CHEF SHOPPE,1,3.99,0.0,4,1.9506671
4,COSMETICS,22,3.9210063276700526,0.1634177092425565,4,1.9277903
4,COUP/STR & MFG,1,0.0021392087411664174,0.0,4,-0.9762704
4,DELI,144,3.94554347826087,0.08772463234705796,4,1.9506671
4,DRUG GM,880,2.8422406733266,0.08947346964491537,4,1.7092108
4,FLORAL,7,8.505714285714285,0.01605136436597111,4,2.0634534
4,FROZEN GROCERY,2,1.74,0.0,4,1.2542666
4,GARDEN CENTER,8,6.615,0.016829350387075056,4,2.0386095
4,GROCERY,4272,2.1490103612055536,0.178846548402432,4,1.6327742
4,KIOSK-GAS,58406,0.0021610499953803883,0.01868937780932103,4,-0.9762704
4,MEAT,271,4.873104484512251,0.2012029087141386,4,2.0177352
4,MEAT-PCKGD,347,2.940651041666667,0.21674317507177732,4,1.708766
4,MISC SALES TRAN,11526,3.50072312854333,0.03137789904502046,4,1.9506671
4,MISC. TRANS.,6,1.214,0.0,4,0.8888239
4,NUTRITION,142,2.3102884615384616,0.06726316121105194,4,1.6783472
4,PASTRY,83,3.2391911764705883,0.096692835068026,4,1.7855684
4,PRODUCE,660,2.017786849132176,0.11326357878761345,4,1.4625902
4,RESTAURANT,1,4.94,0.0,4,1.9679735
4,SALAD BAR,40,3.0411274509803925,0.04031729859544429,4,1.7092108
4,SEAFOOD,12,5.948181818181819,0.2966398485565546,4,2.0584455
4,SEAFOOD-PCKGD,28,3.4180952380952383,0.21324717285945075,4,1.8963076
4,SPIRITS,5,10.615,0.0,4,2.0953403
4,TRAVEL & LEISUR,1,2.91,0.0,4,1.7092108
5,COSMETICS,20,3.370526315789474,0.07275056947608201,5,1.8305781
5,COUP/STR & MFG,1,0.0021392087411664174,0.0,5,-0.9762704
5,DELI,169,3.6449382716049383,0.08493326565345914,5,1.9097234
5,DRUG GM,951,3.1689752597129646,0.07747714728547334,5,1.7672045
5,FLORAL,7,7.321666666666666,0.0,5,2.0386095
5,FROZEN GROCERY,1,1.69,0.0,5,1.2248949
5,GARDEN CENTER,1,1.79,0.0,5,1.3962224
5,GROCERY,5888,2.037419605677663,0.1786752017102113,5,1.5080144
5,KIOSK-GAS,92653,0.5852984167924862,0.015275204086743124,5,-0.09740659
5,MEAT,399,4.195453743787077,0.2744350775236589,5,1.8963076
5,MEAT-PCKGD,401,3.1982895779873903,0.2116439131970124,5,1.8287467
5,MISC SALES TRAN,9,2.4566666666666666,0.0,5,1.7078933
5,MISC. TRANS.,4,2.5075,0.0,5,1.7078933
5,NUTRITION,82,2.132307692307692,0.05283403099898178,5,1.5664585
5,PASTRY,165,2.844128415300547,0.09662942579776554,5,1.7092108
5,PRODUCE,867,1.8839171957671959,0.17052023121387283,5,1.4001234
5,RESTAURANT,1,1.95,0.0,5,1.4115218
5,SALAD BAR,40,2.615490196078431,0.023836231071228266,5,1.7078933
5,SEAFOOD,7,4.595714285714286,0.2520344106021855,5,2.0177352
5,SEAFOOD-PCKGD,25,5.338636363636364,0.20276525398256687,5,2.0175557
5,SPIRITS,14,8.433076923076923,0.0,5,2.0634534
5,TRAVEL & LEISUR,1,3.38,0.0,5,1.8715218
6,CHEF SHOPPE,2,3.99,0.0,6,1.9506671
6,COSMETICS,41,3.0953468345354618,0.32591768631813123,6,1.7868538
6,COUP/STR & MFG,4,0.0021392087411664174,0.0,6,-0.9762704
6,DELI,203,3.7916751269035536,0.06641339524412551,6,1.9506671
6,DRUG GM,1147,3.1221658420009324,0.09353404403492793,6,1.7672045
6,FLORAL,12,9.211,0.0,6,2.0634534
6,GARDEN CENTER,8,6.1642857142857155,0.0,6,2.0167952
6,GROCERY,7549,2.0506353617682413,0.20341493589580628,6,1.5465298
6,KIOSK-GAS,96866,0.585308462810238,0.021944922547332185,6,-0.14035265
6,MEAT,404,4.785122502628812,0.16719569139577464,6,1.9810768
6,MEAT-PCKGD,495,2.85174025974026,0.2237865207775579,6,1.6876987
6,MISC SALES TRAN,3112,5.078626092980089,0.00011470520761642578,6,1.9803163
6,MISC. TRANS.,3,4.3966666666666665,0.0,6,1.9506671
6,NUTRITION,168,2.126521739130435,0.11995563518471121,6,1.5751411
6,PASTRY,137,2.7661009174311926,0.10323908568952442,6,1.7078933
6,PRODUCE,1118,1.859959669299786,0.12341921800160129,6,1.3184617
6,SALAD BAR,39,3.443571428571429,0.0,6,1.8715218
6,SEAFOOD,11,5.911,0.12620045989449483,6,2.0175557
6,SEAFOOD-PCKGD,54,4.037972972972973,0.3007653352625367,6,1.9086504
6,SPIRITS,9,10.7375,0.0,6,2.1050375
7,CHEF SHOPPE,2,3.49,0.0,7,1.8715218
7,COSMETICS,36,3.483235294117647,0.1864704217378998,7,1.8604578
7,COUP/STR & MFG,1,2.99,0.0,7,1.7395557
7,DELI,249,4.069567547723936,0.07332785332642376,7,1.9506671
7,DRUG GM,1421,3.0309881214675944,0.08931940959247854,7,1.7672045
7,FLORAL,59,9.293653846153846,0.002905883559536426,7,2.045058
7,FROZEN GROCERY,4,1.2233333333333334,0.0,7,0.9484544
7,GARDEN CENTER,30,10.3425,0.0,7,2.1050375
7,GROCERY,7279,2.1202888961091184,0.176797137361121,7,1.5465298
7,KIOSK-GAS,254576,0.30206890456303476,0.011931507107931054,7,-0.7692896
7,MEAT,436,5.283698051948051,0.17815537784804306,7,2.0175557
7,MEAT-PCKGD,500,3.096282383419689,0.1813631262569584,7,1.7679651
7,MISC SALES TRAN,21163,2.3993765007909866,0.008954008954008953,7,1.6913923
7,MISC. TRANS.,4,3.14,0.0,7,1.7934719
7,NUTRITION,137,2.351484167059886,0.11448834853090172,7,1.662607
7,PASTRY,185,3.564130434782609,0.0724858843277888,7,1.9323033
7,PRODUCE,1192,1.8726230568297657,0.11017638566907584,7,1.3184617
7,SALAD BAR,43,2.986527777777778,0.0,7,1.7395557
7,SEAFOOD,19,4.402500000000001,0.31851369912528016,7,1.9209456
7,SEAFOOD-PCKGD,70,4.020956529126526,0.3165743073047859,7,1.9086504
7,SPIRITS,12,10.863636363636363,0.0,7,2.1050375
7,TRAVEL & LEISUR,1,1.82,0.0,7,1.3821499
8,AUTOMOTIVE,1,4.45,0.0,8,1.96301
8,COSMETICS,36,2.901796315681283,0.2841854124062713,8,1.708766
8,DELI,291,3.851556776556776,0.06226448200663419,8,1.9323033
8,DRUG GM,1507,3.1289944541739643,0.08097213054182079,8,1.7989156
8,FLORAL,23,7.649772727272728,0.016617736664266327,8,2.0386095
8,FROZEN GROCERY,10,0.601,0.06821705426356589,8,-0.1614287
8,GARDEN CENTER,22,2.815,0.0,8,1.7078933
8,GROCERY,8743,2.129435439496195,0.18151513414214052,8,1.5465298
8,HOUSEWARES,1,2.99,0.0,8,1.7712668
8,KIOSK-GAS,483775,0.0021413796563473884,0.019430238051225176,8,-0.9762704
8,MEAT,538,4.749504273504273,0.21580195308753838,8,1.9810768
8,MEAT-PCKGD,635,2.978566489760784,0.18879714549545915,8,1.738419
8,MISC SALES TRAN,127790,2.484985552240849,0.016023963240853836,8,1.6913923
8,MISC. TRANS.,5,4.474,0.015571155073388642,8,1.96301
8,NUTRITION,169,2.02233918128655,0.12911116350347757,8,1.4339789
8,PASTRY,227,3.089697092122956,0.07865821115750478,8,1.7989156
8,PRODUCE,1263,1.8331337475695664,0.11683540667357296,8,1.2644286
8,RESTAURANT,2,5.83,0.0,8,2.0167952
8,SALAD BAR,58,3.9024528301886794,0.0,8,1.9323033
8,SEAFOOD,19,5.231875,0.3380264741275572,8,2.0300305
8,SEAFOOD-PCKGD,50,4.444149486130532,0.23554913294797689,8,1.9810768
8,SPIRITS,15,9.818000000000001,0.0,8,2.086642
8,TRAVEL & LEISUR,3,3.2566666666666664,0.0,8,1.8344157
9,CHEF SHOPPE,3,3.74,0.0,9,1.9323033
9,COSMETICS,40,4.29753730595325,0.12427404019119083,9,1.9810768
9,COUP/STR & MFG,1,0.0021392087411664174,0.0,9,-0.9762704
9,DELI,288,3.69294776119403,0.0657522069909106,9,1.9323033
9,DRUG GM,1389,2.9525565538497522,0.08829722203355293,9,1.7396044
9,FLORAL,44,4.856818181818182,0.0,9,1.96301
9,FROZEN GROCERY,7,1.0116666666666667,0.0,9,0.7192064
9,GARDEN CENTER,12,3.86,0.3661733615221987,9,1.8730357
9,GROCERY,8956,2.069781140330771,0.1955466341218912,9,1.5465298
9,KIOSK-GAS,672841,0.4368288083611157,0.030674478443845972,9,-0.43047607
9,MEAT,450,5.067825626204239,0.15073261234975102,9,1.9810768
9,MEAT-PCKGD,611,3.06719587628866,0.18183907728942278,9,1.7996762
9,MISC SALES TRAN,156846,1.4853000188595944,0.013674167049339252,9,1.1449802
9,MISC. TRANS.,11,2.85875,0.0,9,1.7395557
9,NUTRITION,162,2.3609333333333336,0.07919413726983794,9,1.6618464
9,PASTRY,231,2.834813945769022,0.14270728957915832,9,1.7086538
9,PRODUCE,1298,1.8568694041867957,0.15147332342929334,9,1.3453298
9,SALAD BAR,55,3.2706481481481484,0.0,9,1.8344157
9,SEAFOOD,17,4.94525641025641,0.3118270000889917,9,2.0300305
9,SEAFOOD-PCKGD,42,4.1220376005141866,0.23618583995217354,9,1.9217693
9,SPIRITS,9,10.105,0.0,9,2.0800416
9,TRAVEL & LEISUR,4,4.55,0.0,9,1.96301
10,AUTOMOTIVE,1,15.23,0.0,10,2.1371503
10,COSMETICS,43,2.0814819604370585,0.12274260766025004,10,1.5465298
10,COUP/STR & MFG,16,0.03325550819484352,0.36708860759493667,10,-0.93296385
10,DELI,348,3.913907692307692,0.05421560695254304,10,1.9446461
10,DRUG GM,1782,3.343253431023678,0.0738990243730966,10,1.8305781
10,FLORAL,31,8.449,0.0015866719555731855,10,2.0483067
10,FROZEN GROCERY,4,0.295,0.11940298507462688,10,-0.7633351
10,GARDEN CENTER,69,5.84248755892211,0.38606892020835615,10,2.051845
10,GROCERY,11189,2.1191197681603535,0.2124111889214247,10,1.4917362
10,KIOSK-GAS,901749,0.7058951652604586,0.026324563944749028,10,0.1282704
10,MEAT,674,5.483059133706834,0.19893505548321475,10,2.0175557
10,MEAT-PCKGD,856,3.13762285255771,0.2174220418952772,10,1.7701302
10,MISC SALES TRAN,111068,3.23640593987957,0.015668734670321743,10,1.8344157
10,MISC. TRANS.,16,2.3623076923076924,0.0,10,1.6913923
10,NUTRITION,237,1.8635454545454546,0.14023775058121682,10,1.3453298
10,PASTRY,253,2.982051574700563,0.11781543547498421,10,1.7983587
10,PRODUCE,2040,1.973379446598889,0.05681447253757535,10,1.4301585
10,RESTAURANT,2,6.535,0.0,10,2.0167952
10,SALAD BAR,65,3.0316724137931033,0.06496553746883708,10,1.760492
10,SEAFOOD,23,7.441666666666667,0.2206629243517776,10,2.0516653
10,SEAFOOD-PCKGD,46,4.937293137072136,0.21889400921658989,10,1.9810768
10,SPIRITS,14,8.961538461538462,0.0,10,2.0483067
10,TRAVEL & LEISUR,2,4.385,0.0,10,1.9446461
11,AUTOMOTIVE,1,0.5,0.0,11,-0.24925137
11,CHEF SHOPPE,7,3.59,0.0,11,1.8838646
11,COSMETICS,43,3.468962324433893,0.12929662166145864,11,1.8436815
11,COUP/STR & MFG,9,0.16809280582744426,0.36708860759493667,11,-0.86847085
11,DELI,489,3.813176406926407,0.052219539833472925,11,1.9446461
11,DRUG GM,2569,3.088746864112992,0.09899658023905075,11,1.7983587
11,FLORAL,29,7.95375,0.0,11,2.0483067
11,FROZEN GROCERY,1,1.69,0.0,11,1.2935008
11,GARDEN CENTER,7,8.53,0.0,11,2.0483067
11,GROCERY,13534,2.117651093653963,0.179765912206639,11,1.5465298
11,KIOSK-GAS,1169007,0.3791163798575533,0.03206185567010309,11,-0.5996529
11,MEAT,862,4.879144729802033,0.18141300624704365,11,1.9810768
11,MEAT-PCKGD,1101,3.1999632709842305,0.18608417797125665,11,1.7996762
11,MISC SALES TRAN,123628,2.2494100207634786,0.028917738263705164,11,1.6049738
11,MISC. TRANS.,6,2.44,0.0,11,1.6913923
11,NUTRITION,194,2.338945147679325,0.0866950797535657,11,1.662607
11,PASTRY,403,2.5498104125847587,0.15321512081060013,11,1.662607
11,PRODUCE,2174,1.8611081153825126,0.0853627346462296,11,1.2644286
11,RESTAURANT,1,0.7,0.0,11,0.11525874
11,SALAD BAR,66,2.85125,0.02015625,11,1.7712668
11,SEAFOOD,32,5.520666666666667,0.2714123533616449,11,2.029851
11,SEAFOOD-PCKGD,73,4.585852824011063,0.19817588937651703,11,1.962713
11,SPIRITS,14,7.821818181818182,0.0,11,2.0483067
11,TRAVEL & LEISUR,9,2.018888888888889,0.0,11,1.3821499
11,VIDEO RENTAL,2,1.495,0.5,11,1.2805102
12,CHEF SHOPPE,1,3.99,0.0,12,1.9446461
12,COSMETICS,76,3.9757543216192204,0.11793514631623776,12,1.9454067
12,COUP/STR & MFG,6,0.5834493406176388,0.0,12,-0.19341391
12,DELI,487,3.7482207697893974,0.06799242714185841,12,1.9454067
12,DRUG GM,2433,3.089973488520331,0.0753193462565702,12,1.792915
12,FLORAL,38,6.360571428571428,0.020825508117357373,12,2.0167952
12,FROZEN GROCERY,8,0.3175,0.04868913857677903,12,-0.72318673
12,GARDEN CENTER,14,4.311213920874117,0.17539832568187955,12,1.962713
12,GROCERY,14645,2.1116163566626183,0.20132531323603003,12,1.4917362
12,KIOSK-GAS,1006250,0.3986472230727122,0.02533053784604852,12,-0.44826743
12,MEAT,810,4.910880648591175,0.2102857237671733,12,1.962713
12,MEAT-PCKGD,1063,3.1503093438272827,0.18783904433224907,12,1.8107015
12,MISC SALES TRAN,209357,2.707079158709949,0.023352862239387297,12,1.6913923
12,MISC. TRANS.,6,4.001666666666667,0.058800470403763225,12,1.9454067
12,NUTRITION,252,2.1262041884816756,0.12231131253268258,12,1.5763625
12,PASTRY,348,2.6378707169227993,0.16798654425678045,12,1.662607
12,PORK,1,7.96,0.0,12,2.0483067
12,PRODUCE,2163,1.9449804998922646,0.09495496821774818,12,1.3751625
12,SALAD BAR,95,3.1698903508771927,0.01751758723967403,12,1.7921544
12,SEAFOOD,36,5.498583333333333,0.4093305299082793,12,2.0300305
12,SEAFOOD-PCKGD,91,4.373762524066777,0.24673442430468923,12,1.962713
12,SPIRITS,13,10.116153846153846,0.0,12,2.0800416
12,TRAVEL & LEISUR,4,2.885,0.0,12,1.7712668
13,AUTOMOTIVE,2,8.245000000000001,0.0,13,2.0483067
13,COSMETICS,59,3.266366428942595,0.19827990617670052,13,1.812019
13,COUP/STR & MFG,3,1.0010696043705831,0.3079584775086505,13,0.6608792
13,DELI,531,3.675081916752533,0.08656033416253175,13,1.9454067
13,DRUG GM,2782,3.052865906424308,0.10005217205183316,13,1.7735953
13,FLORAL,39,7.209333333333333,0.0,13,2.0264924
13,FROZEN GROCERY,5,1.9575,0.016194331983805668,13,1.3821499
13,GARDEN CENTER,21,6.2425,0.08938278400880753,13,2.0175557
13,GROCERY,15063,2.033168557065308,0.1981596252120041,13,1.4578806
13,KIOSK-GAS,1329145,0.6733044592125135,0.027072645457251413,13,0.01047723
13,MEAT,801,4.9050927672955975,0.13651989878279486,13,1.962713
13,MEAT-PCKGD,1145,2.9450916649182783,0.24874702925653444,13,1.7811555
13,MISC SALES TRAN,223150,3.591754030746512,0.023939727167355186,13,1.8838646
13,MISC. TRANS.,10,3.8122222222222226,0.0,13,1.9446461
13,NUTRITION,263,2.4063071895424835,0.09958711553033234,13,1.662607
13,PASTRY,340,2.672399098643243,0.15941421695031804,13,1.662607
13,PRODUCE,2406,1.7849426706166338,0.10990607636850115,13,1.2644286
13,SALAD BAR,90,3.1534146341463414,0.03939435936525536,13,1.8044972
13,SEAFOOD,46,6.471590909090909,0.3338133207247093,13,2.069221
13,SEAFOOD-PCKGD,91,4.920151740109264,0.17338775510204082,13,1.962713
13,SPIRITS,15,9.085384615384616,0.0,13,2.0801935
13,TRAVEL & LEISUR,5,4.804,0.0,13,1.9446461
14,CHEF SHOPPE,5,2.99,0.0,14,1.7921544
14,COSMETICS,52,3.52272835252447,0.10530152096797706,14,1.8436815
14,COUP/STR & MFG,7,1.0992835252447,0.21957236842105263,14,0.8647278
14,DELI,653,3.4968434343434343,0.08733014574193654,14,1.8846252
14,DRUG GM,2742,3.0785624839611683,0.10080957673364654,14,1.8052578
14,FLORAL,109,4.074285714285715,0.0,14,1.9446461
14,FROZEN GROCERY,1,1.65,0.0,14,1.2935008
14,GARDEN CENTER,3,11.323333333333332,0.0,14,2.0956786
14,GM MERCH EXP,2,1.23,0.5469613259668509,14,0.91646564
14,GROCERY,18390,1.9538526286477953,0.21525452975045217,14,1.4529052
14,KIOSK-GAS,1378161,1.0521706268562305,0.027984310783992,14,0.80330694
14,MEAT,989,4.537554284432481,0.19655210684029442,14,1.962713
14,MEAT-PCKGD,1446,2.884292762608975,0.24441179726099077,14,1.7811555
14,MISC SALES TRAN,177740,2.9952089269858346,0.019468560905024995,14,1.7921544
14,MISC. TRANS.,18,1.86,0.0,14,1.2935008
14,NUTRITION,306,2.5927330508474578,0.10084837191055315,14,1.6921529
14,PASTRY,410,2.3467781531531533,0.17623866730425786,14,1.6332351
14,POSTAL CENTER,1,1.89,0.0,14,1.3482944
14,PRODUCE,2945,1.8578001263947965,0.1079043493415887,14,1.3124373
14,SALAD BAR,100,2.9680722891566265,0.0,14,1.7712668
14,SEAFOOD,48,6.548863636363635,0.2588218885117858,14,2.0516653
14,SEAFOOD-PCKGD,87,5.2137671232876714,0.1928679790170167,14,1.962713
14,SPIRITS,22,7.922380952380952,0.0,14,2.0483067
14,TRAVEL & LEISUR,3,3.0400000000000005,0.0,14,1.8044972
15,CHEF SHOPPE,3,1.6099999999999999,0.0,15,1.2935008
15,COSMETICS,67,4.657857142857143,0.05209881129271918,15,1.9454067
15,COUP/STR & MFG,8,0.43812180764852066,0.0,15,-0.3033104
15,DELI,650,3.747632450331126,0.06418768014965545,15,1.9454067
15,DRUG GM,3186,3.069807911908646,0.07968139412755047,15,1.8052578
15,FLORAL,49,7.074,0.0,15,2.0264924
15,FROZEN GROCERY,1,1.69,0.0,15,1.2935008
15,GARDEN CENTER,7,6.704285714285715,0.0,15,2.0264924
15,GROCERY,19902,2.087861268420001,0.22806489477756955,15,1.4529052
15,KIOSK-GAS,1723306,0.3388994888025564,0.030144557383490676,15,-0.6805642
15,MEAT,1155,5.100265896777874,0.22363392868248766,15,1.962713
15,MEAT-PCKGD,1425,3.0626411192292813,0.21829494719879175,15,1.7811555
15,MISC SALES TRAN,321468,1.7280575358851242,0.028259105446560698,15,1.2935008
15,MISC. TRANS.,23,2.0565,0.02840909090909091,15,1.5015665
15,NUTRITION,343,2.381703980099503,0.10983404748940602,15,1.6332351
15,PASTRY,486,2.8171033868092694,0.14428613087205083,15,1.7570944
15,PRODUCE,3598,1.9667142004773268,0.16164447938711088,15,1.3788697
15,RESTAURANT,1,2.52,0.0,15,1.6913923
15,SALAD BAR,93,3.1583541666666664,0.0,15,1.845441
15,SEAFOOD,40,4.9237179487179485,0.29559154622703177,15,1.9750082
15,SEAFOOD-PCKGD,100,5.338735632183909,0.16076444704239531,15,1.962713
15,SPIRITS,34,6.906428571428571,0.0,15,2.0264924
15,TRAVEL & LEISUR,6,3.07,0.0,15,1.845441
15,VIDEO RENTAL,5,2.9975,0.36330498177399756,15,1.7169753
16,AUTOMOTIVE,2,5.74,0.0,16,1.9446461
16,CHEF SHOPPE,1,1.18,0.0,16,0.8933462
16,COSMETICS,82,3.8944708544289037,0.08750465602704792,16,1.9454067
16,COUP/STR & MFG,11,1.4517113669929331,0.14419087136929462,16,1.2245506
16,DELI,695,3.6861627604166665,0.06993783793724943,16,1.8846252
16,DRUG GM,3528,3.1422743873423746,0.08416654811984745,16,1.8052578
16,FLORAL,53,6.932608695652175,0.008477689547008789,16,2.027253
16,FROZEN GROCERY,2,1.3399999999999999,0.4519427402862986,16,1.1840932
16,GARDEN CENTER,17,6.873333333333334,0.0,16,2.0264924
16,GROCERY,22774,2.011573598376435,0.19179434431878195,16,1.4529052
16,KIOSK-GAS,1579733,0.40420828926380237,0.02819352014495725,16,-0.50637186
16,MEAT,1232,4.708199889867841,0.21318632686669417,16,1.962713
16,MEAT-PCKGD,1633,3.073859365215265,0.20111288847480502,16,1.7761799
16,MISC SALES TRAN,257177,2.5203012831084575,0.02142203878713974,16,1.7231034
16,MISC. TRANS.,13,3.4820833333333336,0.009529366005445352,16,1.845441
16,NUTRITION,289,2.5483886524822696,0.11286724631803087,16,1.6332351
16,PASTRY,497,2.8519439957229253,0.14342595789963283,16,1.7570944
16,PRODUCE,3596,1.9187707378570609,0.14339582970223622,16,1.3788697
16,RESTAURANT,1,3.1,0.0,16,1.845441
16,SALAD BAR,130,3.0933796296296294,0.0,16,1.845441
16,SEAFOOD,46,5.538536585365854,0.2094734087406589,16,1.962713
16,SEAFOOD-PCKGD,100,4.526236559139785,0.15300803590820244,16,1.9454067
16,SPIRITS,20,8.175294117647057,0.0,16,2.0483067
16,TRAVEL & LEISUR,4,3.7199999999999998,0.0,16,1.8838646
17,AUTOMOTIVE,1,0.75,0.0,17,0.24611275
17,CHEF SHOPPE,6,2.99,0.0,17,1.7879963
17,COSMETICS,91,3.2799331730077967,0.2576459918375573,17,1.7761799
17,COUP/STR & MFG,6,0.33344934061763865,0.26022304832713755,17,-0.5259796
17,DELI,735,3.7345995024875625,0.08120118502558579,17,1.8846252
17,DRUG GM,3730,3.055611429841609,0.09283254538026033,17,1.7887568
17,FLORAL,51,7.745777777777778,0.08069051519671369,17,2.0490673
17,GARDEN CENTER,3,4.99,0.0,17,1.9446461
17,GROCERY,21473,2.085158070392948,0.16974157131385922,17,1.4827379
17,KIOSK-GAS,1788082,0.3424492089900855,0.028903705472093855,17,-0.67430407
17,MEAT,1184,4.841628635346757,0.21979331942124994,17,1.962713
17,MEAT-PCKGD,1623,2.976071884328982,0.22297556519360495,17,1.7596791
17,MISC SALES TRAN,358196,3.19646348178052,0.024832416709851056,17,1.8462015
17,MISC. TRANS.,17,2.1733333333333333,0.0,17,1.5756019
17,NUTRITION,453,2.4697853881278538,0.13661063671361354,17,1.6406024
17,PASTRY,530,2.4897169811320756,0.14761474042075387,17,1.6406024
17,PRODUCE,3114,1.9214553770223075,0.10235070603991789,17,1.3701869
17,RESTAURANT,7,5.091666666666667,0.0,17,1.9446461
17,SALAD BAR,120,2.836333333333333,0.0,17,1.7671087
17,SEAFOOD,49,6.051472868217053,0.32759168482207696,17,2.0240672
17,SEAFOOD-PCKGD,133,4.983842592592593,0.13679559187584847,17,1.962713
17,SPIRITS,20,9.503333333333334,0.0,17,2.080954
17,TRAVEL & LEISUR,7,2.6042857142857145,0.0,17,1.7671087
18,CHEF SHOPPE,4,2.7350000000000003,0.0,18,1.7671087
18,COSMETICS,77,3.1753333333333336,0.12465676382042543,18,1.8373884
18,COUP/STR & MFG,15,0.42037803365959986,0.12412831241283125,18,-0.31157073
18,DAIRY DELI,2,2.89,0.0,18,1.7671087
18,DELI,734,3.634604316546763,0.062442065941543445,18,1.8833077
18,DRUG GM,3407,3.053017808389179,0.0804164384971315,18,1.7837814
18,FLORAL,47,7.020238095238096,0.0012671460702632499,18,1.9724103
18,FROZEN GROCERY,1,1.89,0.0,18,1.2885253
18,GARDEN CENTER,5,6.49,0.0,18,1.9724103
18,GROCERY,20342,2.0667405872821005,0.17349471469538943,18,1.4827379
18,HBC,1,2.69,0.0,18,1.7671087
18,KIOSK-GAS,2431710,0.5850308572195986,0.03343623040186153,18,-0.1836886
18,MEAT,1134,4.631055271546107,0.2662213946576,18,1.9577376
18,MEAT-PCKGD,1320,3.118656062580087,0.1849300969568651,18,1.8057259
18,MISC SALES TRAN,319793,1.9771828619186365,0.027829552781196885,18,1.3701869
18,MISC. TRANS.,34,2.9145999999999996,0.0,18,1.7879963
18,NUTRITION,474,2.377606549364614,0.09432102711629642,18,1.6406024
18,PASTRY,442,2.6148426022850857,0.13676204211628765,18,1.6723135
18,PROD-WHS SALES,1,5.0,0.0,18,1.9454067
18,PRODUCE,3511,1.923262273457215,0.10216444343089398,18,1.4087024
18,RESTAURANT,2,3.1950000000000003,0.0,18,1.845441
18,SALAD BAR,120,2.888030303030303,0.03969052008267694,18,1.7887568
18,SEAFOOD,27,6.09074074074074,0.309965049174998,18,1.9875885
18,SEAFOOD-PCKGD,88,4.920492957746479,0.20266236082687145,18,1.9577376
18,SPIRITS,23,8.417058823529413,0.0,18,2.080954
18,TRAVEL & LEISUR,10,2.387,0.0,18,1.6937315
18,VIDEO RENTAL,2,1.495,0.5,18,1.252661
19,CHEF SHOPPE,3,3.1566666666666667,0.0,19,1.8297006
19,COSMETICS,58,4.090701754385965,0.010664993726474278,19,1.9454067
19,COUP/STR & MFG,12,0.41761600728430537,0.15136054421768708,19,-0.31753987
19,DELI,716,3.5684931170108163,0.07458771289056174,19,1.8783321
19,DRUG GM,3275,3.018405010516256,0.07147996244882884,19,1.7837814
19,FLORAL,47,7.003513513513513,0.09387801547564861,19,1.9724103
19,FROZEN GROCERY,2,2.245,0.0,19,1.6009332
19,GARDEN CENTER,6,3.99,0.0,19,1.9454067
19,GROCERY,19328,2.079096709741744,0.16490408466629314,19,1.4827379
19,KIOSK-GAS,2148964,0.5857224246459553,0.03437989287185826,19,-0.18292801
19,MEAT,1176,4.477184672667819,0.2473621590686607,19,1.9577376
19,MEAT-PCKGD,1467,2.9798855594235367,0.24376862728116533,19,1.7303072
19,MISC SALES TRAN,332820,1.8194713049197184,0.0209749163112762,19,1.2892859
19,MISC. TRANS.,22,1.0861111111111112,0.03807692307692308,19,0.8524623
19,NUTRITION,396,2.5407717041800644,0.06944498767943051,19,1.7018595
19,PASTRY,432,2.5952364666598697,0.15236178915424198,19,1.6723135
19,PRODUCE,3135,1.807085083770943,0.13985413985413986,19,1.3403542
19,SALAD BAR,109,2.602373188405797,0.040478413907046915,19,1.7018595
19,SEAFOOD,34,4.807797619047619,0.2015649611300239,19,1.9577376
19,SEAFOOD-PCKGD,100,4.763279979177399,0.32153980497744145,19,1.9875885
19,SPIRITS,34,9.420967741935485,0.0,19,2.09851
19,TRAVEL & LEISUR,3,2.94,0.0,19,1.7887568
20,COSMETICS,71,3.696207929540311,0.04217247651928574,20,1.8783321
20,COUP/STR & MFG,20,0.32043817190449,0.44652538196155744,20,-0.45100155
20,DELI,697,3.9313871635610766,0.06730288021813036,20,1.9404312
20,DRUG GM,3776,2.9478516586730974,0.07499134785274957,20,1.7837814
20,FLORAL,121,4.684166666666667,0.010299934080421885,20,1.9454067
20,FROZEN GROCERY,3,2.4466666666666668,0.0,20,1.7018595
20,GARDEN CENTER,18,7.656666666666666,0.0,20,2.008889
20,GROCERY,26531,1.9236068744753663,0.1986603390280668,20,1.3788697
20,HBC,1,2.02,0.24907063197026025,20,1.465248
20,KIOSK-GAS,2130707,0.2942342603250492,0.02800373111530205,20,-0.7159929
20,MEAT,1179,4.921952600192932,0.20133600932905513,20,1.9577376
20,MEAT-PCKGD,2335,2.5132242631797426,0.2727972167388783,20,1.6175197
20,MISC SALES TRAN,335217,2.4234015443247774,0.02635846693901012,20,1.7018595
20,MISC. TRANS.,30,2.465384615384615,0.01383454443823365,20,1.7018595
20,NUTRITION,410,2.5968235930735935,0.07676955079552482,20,1.7018595
20,PASTRY,524,2.774609227762233,0.12681556138939093,20,1.7227471
20,PRODUCE,3744,1.8243906649245063,0.09674781605331419,20,1.3372943
20,RESTAURANT,1,9.95,0.0,20,2.1141467
20,SALAD BAR,133,2.8399137931034484,0.03945781553143517,20,1.7837814
20,SEAFOOD,51,7.167553191489362,0.23151768664181138,20,2.0458817
20,SEAFOOD-PCKGD,149,4.453485158771399,0.2764928277549205,20,1.9577376
20,SPIRITS,29,7.046250000000001,0.0,20,1.9724103
21,COSMETICS,85,3.7878048780487807,0.0813997277019785,21,1.8783321
21,COUP/STR & MFG,15,1.2499425291285,0.2109984399375975,21,1.1365829
21,DELI,712,3.6216962962962964,0.055135584992024415,21,1.8783321
21,DRUG GM,3410,3.142320879120879,0.07043268204522492,21,1.7837814
21,FLORAL,62,4.893421052631579,0.05922842304838843,21,1.9404312
21,FROZEN GROCERY,1,1.0,0.0,21,0.749892
21,GARDEN CENTER,3,5.323333333333333,0.0,21,1.955104
21,GROCERY,22298,2.1065523778368016,0.17299675062599246,21,1.4950807
21,HBC,1,2.02,0.24907063197026025,21,1.465248
21,KIOSK-GAS,2502799,0.7085004981008539,0.029665863841739696,21,0.12408232
21,MEAT,1265,4.731390114921169,0.21754746023601845,21,1.9577376
21,MEAT-PCKGD,1808,2.881025583312644,0.2599122333097832,21,1.6755135
21,MISC SALES TRAN,450339,2.0552065087565756,0.02362310022265758,21,1.4087024
21,MISC. TRANS.,18,1.629375,0.0,21,1.2892859
21,NUTRITION,318,2.3119658119658117,0.08890086206896551,21,1.6175197
21,PASTRY,524,2.739523099508549,0.13578127873475143,21,1.6932011
21,PRODUCE,3855,1.7642744763933627,0.1089868600986979,21,1.3372943
21,RESTAURANT,2,3.73,0.0,21,1.8783321
21,SALAD BAR,108,2.897333333333333,0.02642048986696506,21,1.7837814
21,SEAFOOD,61,6.307916666666666,0.1621714600247695,21,1.9849906
21,SEAFOOD-PCKGD,137,4.818494623655914,0.26812609663326226,21,1.9752933
21,SPIRITS,18,8.334444444444445,0.0,21,2.09851
22,AUTOMOTIVE,1,5.99,0.0,22,1.955104
22,COSMETICS,58,3.5961403508771927,0.19373062889874065,22,1.8373884
22,COUP/STR & MFG,15,0.4302522354394879,0.31389365351629506,22,-0.3574634
22,DELI,685,3.746091814772818,0.07488864346159754,22,1.8783321
22,DRUG GM,3475,2.937827073789529,0.08769612585706472,22,1.7544096
22,FLORAL,47,6.017857142857143,0.049606628141753116,22,1.9501286
22,FROZEN GROCERY,6,0.9766666666666666,0.18403547671840353,22,0.68690205
22,GARDEN CENTER,8,3.99,0.0,22,1.8783321
22,GROCERY,20614,2.1042954512034,0.15926313247763701,22,1.4950807
22,KIOSK-GAS,2877915,0.5768696377589579,0.02652936567832801,22,-0.10735379
22,MEAT,1193,4.764935376758521,0.23267091204412013,22,1.9752933
22,MEAT-PCKGD,1782,2.5821365430530845,0.29630935726892105,22,1.6384073
22,MISC SALES TRAN,353802,2.289187422131244,0.020340663379114072,22,1.6470658
22,MISC. TRANS.,21,2.4505,0.0,22,1.7335219
22,NUTRITION,415,2.253728354978355,0.11931113002984828,22,1.6175197
22,PASTRY,427,2.5408961825233267,0.14010825415729736,22,1.6175197
22,PRODUCE,3876,1.7227641998637773,0.06824686677999926,22,1.2892859
22,RESTAURANT,2,1.7799999999999998,0.0,22,1.2892859
22,SALAD BAR,94,3.0883333333333334,0.0,22,1.8247252
22,SEAFOOD,38,6.137,0.20591105534643803,22,1.9752933
22,SEAFOOD-PCKGD,147,4.1323198087711415,0.2890285849839877,22,1.9170432
22,SPIRITS,16,8.01,0.0,22,2.0583315
22,TRAVEL & LEISUR,3,2.24,0.0,22,1.5901935
23,CHARITABLE CONT,3,2.185,0.22444889779559118,23,1.5519531
23,CHEF SHOPPE,1,2.99,0.0,23,1.8247252
23,COSMETICS,79,3.6206666666666667,0.17547196196336176,23,1.8783321
23,COUP/STR & MFG,12,0.4017113669929332,0.3079584775086505,23,-0.3574634
23,DELI,648,3.7918779839219505,0.07420217724659353,23,1.8783321
23,DRUG GM,3564,3.006648406749506,0.08624695812518561,23,1.7544096
23,FLORAL,57,5.905507246376812,0.022850548182342757,23,1.9501286
23,FROZEN GROCERY,1,0.84,0.4473684210526316,23,0.4010769
23,GARDEN CENTER,5,4.656666666666667,0.0,23,1.9501286
23,GROCERY,20112,2.0487803249675083,0.16301649980104596,23,1.4950807
23,KIOSK-GAS,2553727,0.439127695146407,0.029591968775485023,23,-0.26399067
23,MEAT,1207,4.3048402714622425,0.23631335399394737,23,1.9404312
23,MEAT-PCKGD,1306,2.9983787784279086,0.23106981117029093,23,1.7303072
23,MISC SALES TRAN,457762,1.780026587192094,0.027271463380724854,23,1.2892859
23,MISC. TRANS.,10,1.0422222222222224,0.0,23,0.8202818
23,NUTRITION,404,2.4349653979238757,0.1159582072598729,23,1.6175197
23,PASTRY,536,2.6467917675544794,0.17286110545602604,23,1.6384073
23,PRODUCE,3246,1.6897394206959333,0.11938501273952043,23,1.3023919
23,RESTAURANT,3,3.6900000000000004,0.0,23,1.841226
23,SALAD BAR,89,2.933037974683544,0.0,23,1.8247252
23,SEAFOOD,36,6.628611111111111,0.188168826852775,23,1.9849906
23,SEAFOOD-PCKGD,141,4.539097939279362,0.25617464523752165,23,1.957987
23,SPIRITS,22,8.076,0.0,23,2.021853
23,TRAVEL & LEISUR,11,2.2990000000000004,0.0,23,1.6470658
24,AUTOMOTIVE,1,5.99,0.0,24,1.9501286
24,CHEF SHOPPE,1,2.99,0.0,24,1.8247252
24,COSMETICS,83,3.7198780487804877,0.17803660565723795,24,1.8783321
24,COUP/STR & MFG,18,1.3176560952019534,0.04110512129380054,24,1.1115714
24,DELI,708,3.865865768463074,0.08151745643079149,24,1.8783321
24,DRUG GM,3731,3.095291667655901,0.10112845403773106,24,1.7544096
24,FLORAL,58,6.390208333333334,0.06503777789857042,24,1.9676843
24,GARDEN CENTER,6,9.99,0.0,24,2.1141467
24,GROCERY,23074,2.087885876874796,0.1846194352301165,24,1.4950807
24,KIOSK-GAS,2606277,0.5815479952797963,0.024602165949581478,24,-0.08643465
24,MEAT,1405,4.981360792886767,0.25047025286466723,24,1.9752933
24,MEAT-PCKGD,1667,2.9508062017496397,0.2462109620371414,24,1.6755135
24,MISC SALES TRAN,371793,2.342497039196201,0.019032104259376986,24,1.6470658
24,MISC. TRANS.,37,2.4984615384615387,0.007661234155174817,24,1.7335219
24,NUTRITION,501,2.4861791598009533,0.11581545471805582,24,1.6175197
24,PASTRY,503,2.8514448751076658,0.143740402218303,24,1.7227471
24,PRODUCE,3454,1.7672934351857854,0.09185061128789149,24,1.3496372
24,RESTAURANT,5,4.5125,0.0,24,1.9501286
24,SALAD BAR,120,3.161996699669967,0.0,24,1.8247252
24,SEAFOOD,46,6.368504273504273,0.18319736253911487,24,1.9849906
24,SEAFOOD-PCKGD,133,4.10355721205428,0.2772314092029581,24,1.957987
24,SPIRITS,15,8.748666666666669,0.0,24,2.0908074
24,TRAVEL & LEISUR,12,2.9616666666666664,0.0,24,1.8247252
25,COSMETICS,80,3.7469891039081165,0.11051613445849337,25,1.8783321
25,COUP/STR & MFG,18,0.271649505463229,0.3683223992502343,25,-0.652747
25,DELI,861,3.8126691447345995,0.07581176082324055,25,1.8783321
25,DRUG GM,4090,2.8819669753814363,0.09956241357647222,25,1.7544096
25,FLORAL,68,6.17,0.02664009139301427,25,1.9501286
25,FROZEN GROCERY,1,1.16,0.0,25,0.90736806
25,GARDEN CENTER,6,4.3725000000000005,0.0,25,1.9501286
25,GROCERY,24230,2.0633941862812453,0.17082727145167603,25,1.4950807
25,KIOSK-GAS,2406169,0.5530783285892411,0.023354738265147824,25,-0.1180933
25,MEAT,1244,5.148205177428529,0.2225612495507368,25,1.9827776
25,MEAT-PCKGD,1537,3.0943407744106657,0.22497591658154056,25,1.7303072
25,MISC SALES TRAN,411993,2.0553591772130733,0.0240889306136383,25,1.4527563
25,MISC. TRANS.,36,2.6917391304347826,0.0,25,1.7335219
25,NUTRITION,540,2.218244837758112,0.09848158053662323,25,1.5606474
25,PASTRY,509,2.8404207717569787,0.11343229616535765,25,1.7544096
25,PRODUCE,3535,1.847170736362193,0.11451975049448394,25,1.4210452
25,RESTAURANT,1,1.6,0.0,25,1.2504146
25,SALAD BAR,127,3.0042966360856274,0.0,25,1.8247252
25,SEAFOOD,45,6.157926829268293,0.20911448242973382,25,1.9924749
25,SEAFOOD-PCKGD,192,4.2728888970379915,0.31103573269483376,25,1.9654713
25,SPIRITS,22,8.82842105263158,0.0,25,2.0908074
25,TRAVEL & LEISUR,43,2.466285714285714,0.12306908843999322,25,1.6175197
26,CHEF SHOPPE,2,3.24,0.0,26,1.8247252
26,COSMETICS,100,3.5569175828937336,0.16569557470987625,26,1.8324594
26,COUP/STR & MFG,11,0.9168556834964665,0.34993270524899056,26,0.49390334
26,DELI,714,3.8378710644677665,0.06631209763311603,26,1.8783321
26,DRUG GM,3807,2.815129910855431,0.10360830906456196,26,1.7544096
26,FLORAL,53,7.000909090909091,0.0,26,1.9676843
26,GARDEN CENTER,6,8.408333333333333,0.0,26,2.032514
26,GM MERCH EXP,1,6.58,0.0,26,1.9676843
26,GROCERY,20574,2.1204785788501703,0.16037837229511956,26,1.5267918
26,HBC,1,2.69,0.0,26,1.7335219
26,KIOSK-GAS,2341896,0.6391425661994982,0.024533140272374136,26,-0.08025082
26,MEAT,1245,4.674769622429946,0.24187200431134204,26,1.9654713
26,MEAT-PCKGD,1443,3.0042429809416276,0.23141597020180496,26,1.6755135
26,MISC SALES TRAN,280689,2.0915910342553983,0.02120693503980951,26,1.4527563
26,MISC. TRANS.,20,4.185263157894736,0.0,26,1.8880295
26,NUTRITION,356,2.2520544217687073,0.10656120842353867,26,1.6175197
26,PASTRY,499,2.712546666666667,0.12360737967834845,26,1.6384073
26,PRODUCE,3072,1.837807235142119,0.09770440745572397,26,1.4210452
26,RESTAURANT,3,4.586666666666667,0.0,26,1.9501286
26,RX,2,4.99,0.0,26,1.9501286
26,SALAD BAR,78,3.2481081081081085,0.029664476497803346,26,1.8247252
26,SEAFOOD,60,4.777058823529412,0.15124760076775431,26,1.9676843
26,SEAFOOD-PCKGD,150,4.230064087116481,0.3345055378446774,26,1.9245275
26,SPIRITS,21,8.914,0.0,26,2.0982916
26,TRAVEL & LEISUR,21,2.716,0.1034702324100605,26,1.6996158
27,AUTOMOTIVE,1,10.95,0.0,27,2.1023052
27,CHEF SHOPPE,1,3.49,0.0,27,1.8247252
27,COSMETICS,67,4.271692307692308,0.09130491291915778,27,1.948811
27,COUP/STR & MFG,19,0.0847981415888794,0.5016722408026756,27,-0.8945537
27,DELI,714,3.733428601929513,0.08599169266324055,27,1.8618313
27,DRUG GM,3762,3.017613588518718,0.0888066572175144,27,1.7544096
27,FLORAL,53,5.898809523809524,0.0,27,1.9676843
27,GARDEN CENTER,11,4.163333333333333,0.0,27,1.8880295
27,GROCERY,23147,1.938120226955013,0.16966090536839065,27,1.4210452
27,KIOSK-GAS,2529315,0.658903208519008,0.028124840149948486,27,-0.0055050524
27,MEAT,1184,4.6430553944174955,0.2593632932527044,27,1.9654713
27,MEAT-PCKGD,1475,2.897472822328173,0.21526428312739254,27,1.6384073
27,MISC SALES TRAN,521424,2.127519384899941,0.022405839097461765,27,1.5267918
27,MISC. TRANS.,28,2.1873076923076926,0.0,27,1.5566788
27,NUTRITION,396,2.4569434194341944,0.12081178611450956,27,1.6175197
27,PASTRY,524,2.5917093023255813,0.1411766351479886,27,1.6175197
27,PORK,1,7.74,0.0,27,2.0243618
27,PRODUCE,2945,1.8377234360014951,0.13914106848101773,27,1.3861426
27,RESTAURANT,3,1.8333333333333333,0.0,27,1.3456687
27,SALAD BAR,85,2.6756962025316455,0.02377847330898974,27,1.7335219
27,SEAFOOD,31,6.1032758620689656,0.1501225206898146,27,1.9924749
27,SEAFOOD-PCKGD,125,4.217239083342498,0.2572805397156855,27,1.9641538
27,SPIRITS,17,8.127333333333333,0.0,27,2.0399985
27,TRAVEL & LEISUR,18,2.7866666666666666,0.0,27,1.7544096
28,CHEF SHOPPE,1,3.49,0.0,28,1.8344223
28,COSMETICS,68,4.201641791044776,0.07640772052959005,28,1.948811
28,COUP/STR & MFG,22,0.25067156283986086,0.21943573667711594,28,-0.7285691
28,DELI,665,3.6558021172638435,0.07290213469047378,28,1.8618313
28,DRUG GM,3470,2.9912713899803043,0.08056392511557446,28,1.7544096
28,FLORAL,50,8.21155348021853,0.07947646282446105,28,1.9924749
28,FROZEN GROCERY,1,1.33,0.13071895424836602,28,1.1115714
28,GARDEN CENTER,30,6.380909090909091,0.0,28,1.9676843
28,GROCERY,20495,2.085834805785962,0.15800999490991943,28,1.5267918
28,KIOSK-GAS,2462657,0.8252167522249355,0.02450714042655953,28,0.34057453
28,MEAT,1320,4.699309374443376,0.2546418431065832,28,1.9654713
28,MEAT-PCKGD,1371,3.080599431857394,0.22527024430791187,28,1.6755135
28,MISC SALES TRAN,294351,2.9488639491778814,0.022380093495785333,28,1.7953533
28,MISC. TRANS.,25,1.8742857142857143,0.05003335557038025,28,1.4170766
28,NUTRITION,422,2.3395996732026143,0.08070930043824055,28,1.6175197
28,PASTRY,478,2.418997175141243,0.13353666506906015,28,1.6175197
28,PRODUCE,2852,1.9600317267449712,0.06504146779411091,28,1.4527563
28,RESTAURANT,2,2.6,0.0,28,1.7295533
28,SALAD BAR,101,2.637272727272727,0.027190558004033766,28,1.6787282
28,SEAFOOD,46,4.749555555555555,0.1529221802142407,28,1.9751686
28,SEAFOOD-PCKGD,114,4.721067463832321,0.1958983220408349,28,1.9751686
28,SPIRITS,23,8.105,0.0,28,2.0399985
28,TRAVEL & LEISUR,24,2.314782608695652,0.13335425164731723,28,1.6175197
29,COSMETICS,70,3.425597014925373,0.22027879190175906,29,1.8165557
29,COUP/STR & MFG,13,0.23142613916077762,0.0,29,-0.7641935
29,DELI,643,3.81497572815534,0.06677017448824665,29,1.8715285
29,DRUG GM,3985,2.9721746877521182,0.09341435164208711,29,1.7544096
29,FLORAL,43,6.982105263157894,0.0,29,2.0070555
29,FROZEN GROCERY,2,1.135,0.038135593220338986,29,0.88102293
29,GARDEN CENTER,20,6.543000000000001,0.0,29,1.9751686
29,GROCERY,24321,2.0237194014015345,0.1653312630231525,29,1.5267918
29,KIOSK-GAS,2191209,1.0918684884777305,0.022503501171120783,29,0.80666447
29,MEAT,1616,4.590720669271616,0.3094834902519642,29,1.9654713
29,MEAT-PCKGD,1692,3.042740868662816,0.22532664422935275,29,1.6829978
29,MISC SALES TRAN,485149,2.350908014683669,0.019901102710856197,29,1.6747596
29,MISC. TRANS.,30,4.236923076923077,0.0,29,1.8880295
29,NUTRITION,427,2.358002103049422,0.11506510567597852,29,1.6175197
29,PASTRY,541,2.9277443609022558,0.11544153596109885,29,1.6996158
29,PRODUCE,2947,1.9313929086380917,0.1082108430746846,29,1.4527563
29,RESTAURANT,2,7.365,0.0,29,2.0070555
29,SALAD BAR,123,2.4093577981651375,0.057428653606468316,29,1.6175197
29,SEAFOOD,47,4.911752136752137,0.1998772713326288,29,1.9751686
29,SEAFOOD-PCKGD,177,4.240021317687572,0.28249050784262053,29,1.9347819
29,SPIRITS,22,9.089473684210526,0.0,29,2.0440118
29,TRAVEL & LEISUR,21,2.915714285714286,0.0,29,1.7913847
30,AUTOMOTIVE,1,9.99,0.0,30,2.1023052
30,COSMETICS,82,4.1233125,0.1935384176492963,30,1.9641538
30,COUP/STR & MFG,4,0.0021392087411664174,0.0,30,-0.9686971
30,DELI,682,3.844337148984683,0.06287239670341908,30,1.8715285
30,DRUG GM,3541,3.035873736176233,0.08186984132874912,30,1.7953533
30,FLORAL,119,8.393082524271845,0.015020464122260529,30,2.0399985
30,FROZEN GROCERY,1,1.69,0.0,30,1.2627574
30,GARDEN CENTER,13,5.745,0.0,30,1.9751686
30,GROCERY,21622,2.097534834915374,0.17688875078522331,30,1.5267918
30,KIOSK-GAS,2116111,0.7421608216276612,0.026690596287071728,30,0.080007456
30,MEAT,1206,4.574916235278684,0.20568143438229639,30,1.9751686
30,MEAT-PCKGD,1297,3.085923710614981,0.19370009159976292,30,1.6775541
30,MISC SALES TRAN,320772,2.0379246017991597,0.020836436949418505,30,1.4487877
30,MISC. TRANS.,18,3.202142857142857,0.13295165394402034,30,1.7544096
30,NUTRITION,353,2.2779615861214375,0.09936349520547132,30,1.6175197
30,PASTRY,502,3.0875590551181107,0.09287599303515073,30,1.7953533
30,PRODUCE,2902,1.8064340487940154,0.10425495200123516,30,1.3861426
30,RESTAURANT,2,2.825,0.0,30,1.7913847
30,SALAD BAR,96,2.463372093023256,0.0,30,1.6747596
30,SEAFOOD,35,6.4750000000000005,0.14211802163609394,30,1.9924749
30,SEAFOOD-PCKGD,116,4.329088068271089,0.23828932960214136,30,1.9641538
30,SPIRITS,16,7.930000000000001,0.0,30,2.0226922
30,TRAVEL & LEISUR,20,2.6623529411764704,0.0,30,1.6747596
31,AUTOMOTIVE,3,1.1466666666666667,0.0,31,0.97762126
31,COSMETICS,76,3.7764880445658497,0.19334216437251628,31,1.8574995
31,COUP/STR & MFG,8,1.2609168037462142,0.11503697617091208,31,1.1139765
31,DELI,639,3.708114828617751,0.09921960373941484,31,1.849641
31,DRUG GM,3492,3.1072541489874776,0.0822977898817314,31,1.7953533
31,FLORAL,49,6.270222222222222,0.004903723560757135,31,1.9751686
31,FROZEN GROCERY,1,1.69,0.0,31,1.2627574
31,GARDEN CENTER,2,6.245,0.0,31,1.9751686
31,GROCERY,22524,1.9767703210859693,0.18661765766921332,31,1.4918891
31,KIOSK-GAS,2314063,0.7159373071767468,0.02873187062199125,31,0.030846767
31,MEAT,1170,4.511472553644059,0.29437325630200234,31,1.9347819
31,MEAT-PCKGD,1369,2.9136517451441155,0.21521693440698367,31,1.6634475
31,MISC SALES TRAN,347469,3.023765204409228,0.02842880342511257,31,1.7913847
31,MISC. TRANS.,22,2.2960526315789473,0.07046979865771812,31,1.6135511
31,NUTRITION,324,2.53074,0.07923789606789387,31,1.6452136
31,PASTRY,551,2.6255321782178216,0.15327945422634887,31,1.6384073
31,PRODUCE,2942,1.8128252718824156,0.1396559184860143,31,1.3861426
31,RESTAURANT,1,3.8,0.0,31,1.8304538
31,SALAD BAR,76,2.7736515151515153,0.0,31,1.736591
31,SEAFOOD,37,5.692311827956989,0.14002429922763168,31,1.9751686
31,SEAFOOD-PCKGD,129,3.868705726905766,0.250971716519949,31,1.8574995
31,SPIRITS,21,8.541764705882354,0.0,31,2.0440118
31,TRAVEL & LEISUR,19,2.8516666666666666,0.0,31,1.7913847
32,COSMETICS,69,4.809263680134479,0.030052377742052588,32,1.9738511
32,COUP/STR & MFG,7,1.1307130695803889,0.0,32,0.8616183
32,DELI,670,3.7625730994152047,0.07157119612682053,32,1.8671967
32,DRUG GM,3434,3.1889953873253614,0.08705812220566318,32,1.8125348
32,FLORAL,24,7.663636363636363,0.0,32,2.0226922
32,GROCERY,20649,2.034484935127047,0.1665863727210047,32,1.5267918
32,KIOSK-GAS,2437271,0.7979842386757031,0.0329191735588305,32,0.27551317
32,MEAT,1175,4.6741960986168305,0.24928644569038974,32,1.9738511
32,MEAT-PCKGD,1318,3.008567894979089,0.22346052134491873,32,1.6951098
32,MISC SALES TRAN,408367,3.1249004190218668,0.022121188367170964,32,1.8010819
32,MISC. TRANS.,24,1.610952380952381,0.005574136008918617,32,1.2126247
32,NUTRITION,399,2.451378494623656,0.08195983518022162,32,1.6452136
32,PASTRY,548,3.0744001610305958,0.12278837348648435,32,1.7071002
32,PRODUCE,2719,1.9437397853790759,0.11312981660432342,32,1.4487877
32,RESTAURANT,3,2.046666666666667,0.0,32,1.4487877
32,SALAD BAR,94,2.56584388185654,0.004249351973823991,32,1.6747596
32,SEAFOOD,42,7.5648684210526325,0.16645612671266155,32,1.9924749
32,SEAFOOD-PCKGD,98,4.059156626506025,0.2541294391470831,32,1.918281
32,SPIRITS,16,8.836666666666668,0.0,32,2.0440118
32,TRAVEL & LEISUR,68,1.8278787878787879,0.13579040852575489,32,1.4138851
33,CNTRL/STORE SUP,1,0.1,0.0,33,-0.85048354
33,COSMETICS,68,4.306111111111112,0.04215321442320031,33,1.8925999
33,COUP/STR & MFG,28,0.06852064757567757,0.0,33,-0.85626906
33,DELI,679,3.8125764856837305,0.07358285337280007,33,1.8632281
33,DRUG GM,3701,3.28491468006619,0.08521295573001511,33,1.8085662
33,FLORAL,45,8.273658536585366,0.0,33,2.0267055
33,FROZEN GROCERY,2,0.73,0.06410256410256411,33,0.030846767
33,GROCERY,24096,2.000836739466756,0.17693557396449705,33,1.4918891
33,KIOSK-GAS,2431004,0.8287476357417664,0.03406687066496084,33,0.3486186
33,MEAT,1396,5.033373503465659,0.27809944449309193,33,1.9751686
33,MEAT-PCKGD,1468,3.103027445511743,0.20346369368808268,33,1.6951098
33,MISC SALES TRAN,347611,2.755308122234805,0.01890708732734546,33,1.7462882
33,MISC. TRANS.,22,2.887,0.04979413278435409,33,1.7462882
33,NUTRITION,491,2.534310009718173,0.08965551780840211,33,1.6452136
33,PASTRY,535,2.9217415942311926,0.13382419100361806,33,1.7071002
33,PRODUCE,3000,1.952612222609922,0.09303357076902785,33,1.4487877
33,RESTAURANT,6,2.416,0.0,33,1.6747596
33,SALAD BAR,103,2.9791575091575093,0.0,33,1.8010819
33,SEAFOOD,63,6.465886792452831,0.14199452581433736,33,1.9751686
33,SEAFOOD-PCKGD,156,5.07890350877193,0.2479624853458382,33,1.9751686
33,SPIRITS,20,8.124375,0.0,33,2.0267055
33,TRAVEL & LEISUR,18,1.7745454545454544,0.012179756404871902,33,1.3809924
34,AUTOMOTIVE,1,13.45,0.0,34,2.0956151
34,CHEF SHOPPE,2,3.14,0.0,34,1.8085662
34,COSMETICS,80,3.8031578947368425,0.2484857623966423,34,1.812403
34,COUP/STR & MFG,8,1.4666310894604997,0.09795918367346938,34,1.1438092
34,DELI,713,3.781331360946745,0.05705271148645443,34,1.8632281
34,DRUG GM,3475,3.0022659381364067,0.10344556141772714,34,1.7128288
34,FLORAL,45,7.408823529411765,0.0033400133600534404,34,2.0227368
34,FROZEN GROCERY,3,2.21,0.0,34,1.5544858
34,GROCERY,22998,2.0525861324621606,0.18514235222023617,34,1.4934043
34,KIOSK-GAS,2245204,0.6691029425481045,0.037041521618485444,34,-0.011474189
34,MEAT,1237,4.792638138372024,0.2392084208538859,34,1.9738511
34,MEAT-PCKGD,1398,3.138638917706709,0.2121572398961023,34,1.732216
34,MISC SALES TRAN,417160,2.1145980286067183,0.029663274428180567,34,1.5228232
34,MISC. TRANS.,23,2.443095238095238,0.01449459631277813,34,1.6747596
34,NUTRITION,369,2.5195048309178745,0.10635532953371057,34,1.6735855
34,PASTRY,500,2.993121734267722,0.14123164654781892,34,1.7246559
34,PRODUCE,2835,1.8143716331438906,0.11080159706829586,34,1.4138851
34,RESTAURANT,6,3.146,0.0,34,1.8085662
34,SALAD BAR,115,2.927887596899225,0.023682954002864874,34,1.7537725
34,SEAFOOD,42,5.945121951219512,0.1410581803982819,34,1.9751686
34,SEAFOOD-PCKGD,109,4.9151123595505615,0.24049336349280867,34,1.9751686
34,SPIRITS,16,8.887333333333334,0.0,34,2.0440118
34,TOYS,1,3.19,0.0,34,1.8085662
34,TRAVEL & LEISUR,5,3.5759999999999996,0.08914926133469181,34,1.8261219
35,AUTOMOTIVE,1,5.39,0.0,35,1.9712
35,COSMETICS,67,3.3855555555555554,0.21254691689008043,35,1.761762
35,COUP/STR & MFG,23,1.1864742446619554,0.06843455945252352,35,0.94625956
35,DELI,600,4.076712802768166,0.05205399444378269,35,1.8632281
35,DRUG GM,3504,3.148432361350679,0.09741965950645388,35,1.7713282
35,FLORAL,49,7.843153153153153,0.0,35,2.0227368
35,FROZEN GROCERY,1,1.69,0.0,35,1.2923443
35,GARDEN CENTER,1,7.99,0.0,35,2.0227368
35,GROCERY,24548,1.9795912843592312,0.18101865509369852,35,1.4894357
35,KIOSK-GAS,2468361,0.7547832191437278,0.03642578787490484,35,0.080007456
35,MEAT,1247,5.607950017415535,0.2479785089799922,35,1.9751686
35,MEAT-PCKGD,1347,2.9605762530836612,0.18149032389846625,35,1.6951098
35,MISC SALES TRAN,300406,3.0121443832659285,0.03147798638014194,35,1.7537725
35,MISC. TRANS.,35,1.4203846153846154,0.023449319213313162,35,1.1497782
35,NUTRITION,395,2.474238888888889,0.12059670191613331,35,1.6210355
35,PASTRY,511,2.8989154703897095,0.15587348447573268,35,1.6911412
35,PRODUCE,3004,1.9284536782116235,0.1188886626989025,35,1.4213694
35,RESTAURANT,3,9.95,0.0,35,2.0440118
35,SALAD BAR,108,2.9773469387755105,0.041895800883689875,35,1.7537725
35,SEAFOOD,48,5.503,0.11843011246270368,35,1.9751686
35,SEAFOOD-PCKGD,108,5.365361445783132,0.2756927352591354,35,1.9822241
35,SPIRITS,18,9.86,0.0,35,2.040043
35,TRAVEL & LEISUR,3,1.325,0.19103313840155942,35,1.1139765
36,COSMETICS,77,3.5201333333333333,0.270390023879013,36,1.7262468
36,COUP/STR & MFG,7,0.25106960437058323,0.0,36,-0.73371243
36,DAIRY DELI,29,0.9324999999999999,0.0,36,0.51734215
36,DELI,544,4.420383104125737,0.06186893752181979,36,1.8925999
36,DRUG GM,3704,3.274481978219427,0.080938448859538,36,1.7713282
36,FLORAL,80,8.103819444444445,0.027179091610327142,36,2.0227368
36,FROZEN GROCERY,3,2.6833333333333336,0.0,36,1.7537725
36,GARDEN CENTER,5,11.99,0.0,36,2.0956151
36,GROCERY,23784,2.029991499004491,0.17049865230385555,36,1.4894357
36,KIOSK-GAS,2256508,1.1829133560799474,0.03953702101003107,36,0.92450994
36,MEAT,888,6.185656565656566,0.24368018454740048,36,1.9995304
36,MEAT-PCKGD,1230,2.97426628599787,0.19204931371585657,36,1.6951098
36,MISC SALES TRAN,400944,3.2554062981920313,0.028431846430051096,36,1.8085662
36,MISC. TRANS.,45,1.7408064516129034,0.08397696952675186,36,1.407916
36,NUTRITION,346,2.381596958174905,0.12506299627062079,36,1.5871799
36,PASTRY,611,3.5359799914918404,0.1559005435122134,36,1.8084344
36,PRODUCE,3255,1.9153499259066442,0.11564445662267282,36,1.4154003
36,RESTAURANT,9,2.7657142857142856,0.0,36,1.7537725
36,SALAD BAR,65,3.187627118644068,0.04315784403448774,36,1.7713282
36,SEAFOOD,33,8.0978125,0.10262832715492769,36,2.0081117
36,SEAFOOD-PCKGD,106,4.970109890109891,0.27275974756228255,36,1.9515347
36,SPIRITS,32,9.468387096774192,0.0,36,2.040043
36,TRAVEL & LEISUR,3,3.3333333333333335,0.0,36,1.8085662
37,COSMETICS,73,3.9345902824814876,0.13934699064968076,37,1.8632281
37,COUP/STR & MFG,12,1.1806112024974762,0.08213552361396304,37,0.92450994
37,DAIRY DELI,29,0.9175000000000001,0.04922186029677887,37,0.45492345
37,DELI,692,3.711388888888889,0.06275650289017341,37,1.8261219
37,DRUG GM,3677,3.1668424058593154,0.07645273742116186,37,1.7713282
37,FLORAL,39,7.837903225806452,0.10918038762986815,37,2.0081117
37,FROZEN GROCERY,4,2.1233333333333335,0.0,37,1.4879345
37,GARDEN CENTER,3,14.99,0.0,37,2.0956151
37,GROCERY,25031,2.024984766959056,0.1672022241866558,37,1.4894357
37,KIOSK-GAS,2627525,1.1529831568324975,0.038132383796348694,37,0.92450994
37,MEAT,1393,4.828385932825135,0.27093489970106155,37,1.9515347
37,MEAT-PCKGD,1623,3.070753982660551,0.19321072248457183,37,1.7008384
37,MISC SALES TRAN,455218,3.357654128216268,0.03292742033200048,37,1.8261219
37,MISC. TRANS.,73,2.4835294117647058,0.014135556361000364,37,1.6919411
37,NUTRITION,442,2.3862820512820515,0.11704273958056809,37,1.5871799
37,PASTRY,568,2.694432226400918,0.1510567394545295,37,1.6911412
37,PRODUCE,2909,1.9757950859999698,0.08696651413596043,37,1.4154003
37,RESTAURANT,3,2.2733333333333334,0.0,37,1.6012131
37,RX,1,9.99,0.0,37,2.040043
37,SALAD BAR,79,2.7486444444444444,0.03461399057629576,37,1.7537725
37,SEAFOOD,37,5.181064516129032,0.17021183854938537,37,1.9738511
37,SEAFOOD-PCKGD,128,4.259410470072645,0.25788067190226877,37,1.9279783
37,SPIRITS,30,8.945185185185185,0.0,37,2.0227368
37,TOYS,1,1.49,0.0,37,1.1215663
37,TRAVEL & LEISUR,5,1.968,0.05747126436781609,37,1.4213694
38,AUTOMOTIVE,2,7.245,0.0,38,2.0227368
38,CNTRL/STORE SUP,1,1.0,0.0,38,0.69485134
38,COSMETICS,62,4.654987769787836,0.147178607791651,38,1.9240097
38,COUP/STR & MFG,12,0.9434106715228702,0.06554307116104868,38,0.45492345
38,DAIRY DELI,10,0.91125,0.030010718113612007,38,0.45492345
38,DELI,706,3.7430275479094077,0.0634524364923627,38,1.8261219
38,DRUG GM,4317,3.018271247249169,0.08260327456388153,38,1.7713282
38,FLORAL,40,6.073548387096774,0.0630592693967786,38,1.9712
38,FROZEN GROCERY,4,2.5933333333333333,0.0,38,1.7537725
38,GARDEN CENTER,9,9.704285714285716,0.0,38,2.040043
38,GROCERY,26879,1.9705448264968024,0.17107971612247527,38,1.4154003
38,KIOSK-GAS,2344013,0.9792224773112177,0.030632244954509766,38,0.6650186
38,MEAT,1437,4.428641480320942,0.22883316861091008,38,1.9279783
38,MEAT-PCKGD,1995,2.9622063715155775,0.20235050913797284,38,1.6948693
38,MISC SALES TRAN,325888,3.4928460835973563,0.02332727906507421,38,1.8261219
38,MISC. TRANS.,51,1.2996774193548386,0.1199025182778229,38,1.1512935
38,NUTRITION,388,2.4665254237288137,0.10624522498873587,38,1.7008384
38,PASTRY,561,2.9929739160282507,0.11731657245380886,38,1.7713282
38,PRODUCE,3029,2.020949654163341,0.10220762163336913,38,1.4154003
38,RESTAURANT,5,2.95,0.0,38,1.7537725
38,SALAD BAR,109,3.272842105263158,0.02996377107678897,38,1.7713282
38,SEAFOOD,51,4.992159090909091,0.018151287382056614,38,1.9533815
38,SEAFOOD-PCKGD,149,5.091794538915217,0.2637535986118232,38,1.954379
38,SPIRITS,33,11.01774193548387,0.0,38,2.055168
38,TRAVEL & LEISUR,3,4.3933333333333335,0.06591070163004961,38,1.8632281
39,AUTOMOTIVE,1,7.19,0.0,39,2.0227368
39,CNTRL/STORE SUP,2,1.0,0.0,39,0.69485134
39,COSMETICS,78,4.7824,0.11466460247295837,39,1.9240097
39,COUP/STR & MFG,12,0.5592835252446999,0.22079116835326587,39,-0.057864897
39,DAIRY DELI,7,0.7825,0.07401032702237521,39,0.27121744
39,DELI,666,3.8129596084526494,0.05917367075909733,39,1.8261219
39,DRUG GM,4193,3.158348233660676,0.0904902824244713,39,1.7713282
39,FLORAL,63,7.304857142857143,0.0,39,2.0227368
39,FROZEN GROCERY,2,3.44,0.0,39,1.8261219
39,GARDEN CENTER,1,14.99,0.0,39,2.0916467
39,GROCERY,23412,2.016962650976174,0.17513566980887313,39,1.5069914
39,KIOSK-GAS,2205635,0.703818128016506,0.032128002633089556,39,0.030846767
39,MEAT,1067,4.987235938792391,0.22851897789228776,39,1.9350339
39,MEAT-PCKGD,1324,3.1142901690446085,0.20376623752829537,39,1.6948693
39,MISC SALES TRAN,335925,4.346676878765958,0.02631791785962699,39,1.8632281
39,MISC. TRANS.,33,0.7906666666666666,0.0,39,0.32189
39,NUTRITION,347,2.547007299270073,0.09299159078035814,39,1.7008384
39,PASTRY,527,3.017662003029426,0.07836072372854995,39,1.7713282
39,PRODUCE,2558,2.0232224949499393,0.06185901025583591,39,1.4154003
39,RESTAURANT,5,7.459999999999999,0.0,39,2.0227368
39,SALAD BAR,88,2.6056410256410256,0.010639650714255435,39,1.7537725
39,SEAFOOD,22,6.8340000000000005,0.22937111956739434,39,2.0023746
39,SEAFOOD-PCKGD,105,4.701944444444445,0.2025905432595573,39,1.9279783
39,SPIRITS,23,9.603478260869565,0.0,39,2.0227368
39,TRAVEL & LEISUR,10,1.9739999999999998,0.32879972798367907,39,1.4839716
40,COSMETICS,100,4.982291666666667,0.10191110095412215,40,1.9533815
40,COUP/STR & MFG,17,0.7924742446619554,0.3170152091254753,40,0.41579935
40,DELI,738,4.25203034682081,0.07004588821046814,40,1.8632281
40,DRUG GM,4194,3.403394352341072,0.09266893708549918,40,1.7713282
40,FLORAL,76,8.230363636363636,0.01860710735586481,40,2.0227368
40,FROZEN GROCERY,1,1.89,0.0,40,1.3749648
40,GARDEN CENTER,3,5.495,0.0,40,1.9698825
40,GROCERY,22921,2.1142515597623026,0.16668694088304603,40,1.5069914
40,KIOSK-GAS,2425469,0.8942783189344732,0.03505889444024865,40,0.45492345
40,MEAT,904,6.307909922267948,0.19724198674583088,40,1.9822241
40,MEAT-PCKGD,1309,3.0890711924803185,0.19128631842001573,40,1.6948693
40,MISC SALES TRAN,394524,5.718615861302861,0.015520795440766339,40,1.9712
40,MISC. TRANS.,90,1.177241379310345,0.10822060353798126,40,0.93199426
40,NUTRITION,366,2.555298013245033,0.09877797334674376,40,1.6948693
40,PASTRY,606,2.9576095025983666,0.10553168951921378,40,1.7713282
40,PRODUCE,3004,2.1248126246359083,0.061090644877563764,40,1.5340357
40,RESTAURANT,3,5.603333333333333,0.0,40,1.9855192
40,RX,1,7.99,0.0,40,2.0227368
40,SALAD BAR,83,2.4305921052631576,0.048339393939393946,40,1.6919411
40,SEAFOOD,51,7.90754861838048,0.14295893968424886,40,2.015212
40,SEAFOOD-PCKGD,196,5.319244604316546,0.31615759467465043,40,1.9484098
40,SPIRITS,39,8.735882352941175,0.0,40,2.0227368
40,TRAVEL & LEISUR,7,2.9785714285714286,0.0,40,1.7713282
41,CNTRL/STORE SUP,1,1.0,0.0,41,0.66595566
41,COSMETICS,65,4.2504687500000005,0.21978021978021978,41,1.8053095
41,COUP/STR & MFG,12,0.7507130695803887,0.08307372793354102,41,0.23439956
41,DELI,714,3.9320406141654285,0.06660736271457394,41,1.8632281
41,DRUG GM,3612,3.2794952000019766,0.10572176097922678,41,1.7713282
41,FLORAL,59,7.771621621621622,0.0,41,2.0227368
41,FROZEN GROCERY,2,3.145,0.0,41,1.7713282
41,GROCERY,22719,2.1068686908680476,0.15644542049385196,41,1.5069914
41,KIOSK-GAS,1987587,0.6333721012252888,0.03688215924615546,41,-0.036298327
41,MEAT,1350,4.677276015011942,0.29466909996786356,41,1.8771154
41,MEAT-PCKGD,1483,2.955626223928101,0.1786370718224309,41,1.6948693
41,MISC SALES TRAN,244275,3.377375340068191,0.02158273381294964,41,1.7713282
41,MISC. TRANS.,113,1.4075396825396826,0.00651108818978855,41,1.1230816
41,NUTRITION,424,2.5434626865671643,0.0904485042528301,41,1.6948693
41,PASTRY,504,2.6082596685082873,0.12560660899485498,41,1.6948693
41,PRODUCE,2878,2.043743343001436,0.054327756358105474,41,1.4250976
41,SALAD BAR,85,2.7270270270270274,0.0510054768175927,41,1.7713282
41,SEAFOOD,51,6.883181818181819,0.3863601163330982,41,2.0087008
41,SEAFOOD-PCKGD,213,4.766137724550899,0.29522684033842617,41,1.9319091
41,SPIRITS,54,7.802352941176471,0.0,41,2.0227368
41,TRAVEL & LEISUR,4,2.13,0.0,41,1.4976317
42,AUTOMOTIVE,3,8.65,0.0,42,2.0227368
42,COSMETICS,83,3.9639024390243907,0.1283905488450943,42,1.8084344
42,COUP/STR & MFG,14,2.104739928067379,0.07355126300148587,42,1.5166887
42,DELI,700,4.007750628955156,0.056463752806021394,42,1.8632281
42,DRUG GM,3719,3.1044943798346223,0.09530058014896559,42,1.765359
42,FLORAL,39,5.479166666666667,0.0,42,1.9730318
42,FROZEN GROCERY,4,1.94,0.0,42,1.4066272
42,GROCERY,27588,2.0004198398896667,0.15998405969055882,42,1.5069914
42,KIOSK-GAS,2130357,0.6493746641646932,0.03553433844321493,42,-0.036298327
42,MEAT,1440,4.759737965485922,0.20114553395424106,42,1.9208848
42,MEAT-PCKGD,2163,2.9345808323699547,0.2427454562323022,42,1.6977136
42,MISC SALES TRAN,296749,2.878187877833429,0.02150425634664369,42,1.7713282
42,MISC. TRANS.,80,1.4477272727272728,0.0,42,1.1547927
42,NUTRITION,488,2.4473166202414114,0.11392987440674135,42,1.6610137
42,PASTRY,482,2.6694630584192445,0.11685595191349261,42,1.6948693
42,PRODUCE,3717,2.0792250862476602,0.07929253720382504,42,1.5166887
42,RESTAURANT,4,2.483333333333333,0.0,42,1.7094969
42,SALAD BAR,127,2.9516966966966964,0.034012892406058384,42,1.7713282
42,SEAFOOD,54,6.703888888888889,0.23675055439139014,42,1.9850683
42,SEAFOOD-PCKGD,194,4.288549783549784,0.21198934794774318,42,1.8053095
42,SPIRITS,13,9.84769230769231,0.0,42,2.0227368
42,TRAVEL & LEISUR,4,2.4725,0.0,42,1.7094969
43,AUTOMOTIVE,4,3.296666666666667,0.0,43,1.7713282
43,COSMETICS,142,3.924469696969697,0.24791908699514795,43,1.8123652
43,COUP/STR & MFG,5,1.1168556834964665,0.18777292576419213,43,0.90894634
43,DELI,690,3.8489769405429755,0.056599489877364816,43,1.7713282
43,DRUG GM,3754,3.0084456266216444,0.1659684464542506,43,1.7244153
43,FLORAL,49,7.5646031746031746,0.0,43,2.0227368
43,GROCERY,22751,2.0978746079316437,0.14749886813251709,43,1.5166887
43,KIOSK-GAS,2473868,0.819653644442382,0.03384820618389155,43,0.36425248
43,MEAT,1400,4.42207869019475,0.27158548239043545,43,1.8731468
43,MEAT-PCKGD,1411,3.0644999802182458,0.21130885772947094,43,1.6977136
43,MISC SALES TRAN,238054,2.222968969387397,0.02779939649640219,43,1.5832536
43,MISC. TRANS.,85,1.0066666666666666,0.121765295887663,43,0.64711314
43,NUTRITION,522,2.2855122807017545,0.13094023736662294,43,1.6084636
43,PASTRY,503,2.477252076998474,0.13249123724396003,43,1.6610137
43,PRODUCE,3488,1.9999591603262885,0.09452118420113888,43,1.4426533
43,RESTAURANT,12,3.7379217462491967,0.08177570093457945,43,1.7713282
43,SALAD BAR,127,3.0814373088685016,0.021113877737689926,43,1.7713282
43,SEAFOOD,52,6.648066666666666,0.12491304011749246,43,1.9752132
43,SEAFOOD-PCKGD,166,4.3689548022598865,0.2655123727428104,43,1.8123652
43,SPIRITS,16,8.174375,0.0,43,2.0227368
43,TRAVEL & LEISUR,4,2.315,0.0,43,1.5952439
44,AUTOMOTIVE,2,4.49,0.0,44,1.8632281
44,COSMETICS,88,3.007142857142857,0.3834972968182221,44,1.7141815
44,COUP/STR & MFG,9,1.1105348021852917,0.16696269982238013,44,0.8807345
44,DELI,669,3.7533974534750927,0.07225752147129585,44,1.7713282
44,DRUG GM,4061,2.8456094671511254,0.13209034746197312,44,1.7244153
44,FLORAL,40,6.53264705882353,0.027159950084416063,44,2.0227368
44,FROZEN GROCERY,3,2.9599999999999995,0.0,44,1.7713282
44,GROCERY,24642,1.9575199187292183,0.17955618240335494,44,1.432956
44,KIOSK-GAS,2383655,0.7408800324598446,0.032901348663635276,44,0.19758336
44,MEAT,1099,4.7127157320872275,0.2509002608467031,44,1.8731468
44,MEAT-PCKGD,1534,2.9496245442048723,0.2702250514137933,44,1.7047693
44,MISC SALES TRAN,380122,2.324073286879355,0.03902426141765555,44,1.6401261
44,MISC. TRANS.,64,1.196939393939394,0.0,44,0.84867036
44,NUTRITION,599,2.3168516707416464,0.11919030875884355,44,1.6401261
44,PASTRY,548,2.650643123216228,0.10065666231596888,44,1.6948693
44,PRODUCE,3139,2.0337903350331543,0.07981637158345511,44,1.4426533
44,RESTAURANT,2,2.62,0.0,44,1.765359
44,SALAD BAR,113,3.1498624595469256,0.045166897525733996,44,1.765359
44,SEAFOOD,40,6.712142857142857,0.1262873128592948,44,1.9822688
44,SEAFOOD-PCKGD,156,4.4817557251908395,0.2648167361890444,44,1.8731468
44,SPIRITS,20,9.555555555555555,0.0,44,2.0227368
44,TRAVEL & LEISUR,4,2.27,0.0,44,1.6127996
45,COSMETICS,96,3.2798901098901103,0.3167818560021472,45,1.7418754
45,COUP/STR & MFG,16,0.3804974461188165,0.13569321533923306,45,-0.26666632
45,DELI,614,3.6899999999999995,0.06734224432701275,45,1.765359
45,DRUG GM,3476,2.9843992635768926,0.1036810849205129,45,1.765359
45,FLORAL,47,5.635,0.0,45,2.0049186
45,FROZEN GROCERY,4,1.65,0.0,45,1.2510138
45,GROCERY,22244,2.062216019604769,0.17591764244011623,45,1.519533
45,KIOSK-GAS,2497282,1.0869392874268808,0.03540823623438354,45,0.7840239
45,MEAT,1182,4.708448552693561,0.27313721863814877,45,1.8731468
45,MEAT-PCKGD,1547,2.881144198770953,0.2409278060976304,45,1.6977136
45,MISC SALES TRAN,445613,2.3025847003340987,0.031063726677974312,45,1.6401261
45,MISC. TRANS.,50,1.6076923076923078,0.0,45,1.2510138
45,NUTRITION,512,2.267145438121048,0.12639271901440316,45,1.6052234
45,PASTRY,481,2.5691469816272967,0.12842348776549495,45,1.6610137
45,PRODUCE,3131,1.8742771291679825,0.09947254037381942,45,1.3925205
45,RESTAURANT,3,3.9133333333333336,0.0,45,1.8261219
45,SALAD BAR,99,2.670434782608696,0.02596864164028343,45,1.765359
45,SEAFOOD,37,5.145,0.02147644191714054,45,1.9436599
45,SEAFOOD-PCKGD,139,4.53399231436376,0.2330275005192235,45,1.8123652
45,SPIRITS,22,8.659444444444444,0.0,45,2.0227368
45,TRAVEL & LEISUR,10,2.73,0.3121693121693122,45,1.6392512
46,COSMETICS,106,3.776893203883495,0.27146526938976884,46,1.8123652
46,COUP/STR & MFG,7,1.0126509764235236,0.17386231038506417,46,0.691506
46,DELI,787,3.8285269474637684,0.08209599713772832,46,1.765359
46,DRUG GM,4411,2.949397841057289,0.09633255189802087,46,1.765359
46,FLORAL,48,6.625581395348838,0.045054547646314266,46,2.0227368
46,FROZEN GROCERY,1,2.87,0.0,46,1.765359
46,GROCERY,26574,2.1352986295859577,0.16473745341245855,46,1.519533
46,KIOSK-GAS,2116782,0.7338464513847007,0.034702003086567075,46,0.18476751
46,MEAT,1311,4.837862237998648,0.16191353959754728,46,1.9279405
46,MEAT-PCKGD,1728,3.2727407208153334,0.20254839463194463,46,1.7682034
46,MISC SALES TRAN,286157,2.750270443622522,0.028608915129479526,46,1.765359
46,MISC. TRANS.,68,1.42375,0.0036330608537693005,46,1.1427404
46,NUTRITION,439,2.5561579457364343,0.07680820786704379,46,1.6610137
46,PASTRY,543,2.8083601808953054,0.07249159550974134,46,1.765359
46,PRODUCE,3849,1.9183972135931577,0.09823340988925645,46,1.3925205
46,RESTAURANT,4,2.9133333333333336,0.0,46,1.765359
46,SALAD BAR,130,3.0263223140495867,0.05290379784247081,46,1.765359
46,SEAFOOD,73,5.528459595959596,0.14333070898769318,46,1.9279405
46,SEAFOOD-PCKGD,199,4.8394512195121955,0.2489440234469896,46,1.8731468
46,SPIRITS,30,8.756,0.0,46,2.0227368
46,TRAVEL & LEISUR,6,2.4783333333333335,0.0,46,1.7315035
47,AUTOMOTIVE,1,3.5,0.0,47,1.765359
47,COSMETICS,60,4.490181818181818,0.1502091115154998,47,1.8053095
47,COUP/STR & MFG,11,0.6323797362470555,0.059790732436472344,47,0.02089693
47,DELI,719,3.751999711124119,0.08318951587950961,47,1.765359
47,DRUG GM,4477,3.076581483011418,0.07419850478446861,47,1.765359
47,FLORAL,59,7.390576923076923,0.0070752631113469525,47,2.0227368
47,FROZEN GROCERY,1,3.94,0.0,47,1.7713282
47,GROCERY,24300,2.0930171602699366,0.14997577329770145,47,1.519533
47,KIOSK-GAS,2487354,1.0546656636391714,0.03351421221012981,47,0.6900587
47,MEAT,1490,4.660485248127168,0.23054084204152067,47,1.8123652
47,MEAT-PCKGD,1581,3.101386830585049,0.17367254484699574,47,1.7682034
47,MISC SALES TRAN,496454,1.7338190502796813,0.03421361693798323,47,1.3925205
47,MISC. TRANS.,29,2.760869565217391,0.0,47,1.765359
47,NUTRITION,398,2.729463906581741,0.07497337593184239,47,1.765359
47,PASTRY,504,2.7981637541676614,0.08881082416225265,47,1.765359
47,PRODUCE,3599,1.8794354500056747,0.17069336769885185,47,1.3953648
47,RESTAURANT,2,8.575,0.0,47,2.0227368
47,SALAD BAR,105,3.201372549019608,0.04993225127569406,47,1.765359
47,SEAFOOD,47,6.039430894308944,0.12434124868249737,47,1.937923
47,SEAFOOD-PCKGD,171,4.364087591240876,0.19743473765830963,47,1.8123652
47,SPIRITS,23,10.503333333333334,0.0,47,2.016047
47,TRAVEL & LEISUR,7,3.5850000000000004,0.0,47,1.765359
48,COSMETICS,8,4.405,0.03266538567115015,48,1.8612723
48,DELI,120,3.6771913580246913,0.07804692935298212,48,1.765359
48,DRUG GM,830,3.142372395460819,0.11095037109142047,48,1.7682034
48,FLORAL,51,9.213634146341464,0.0017372169784006025,48,2.0227368
48,GROCERY,3237,2.0618918548939082,0.16022569284177723,48,1.4694003
48,KIOSK-GAS,464343,0.7449643499029113,0.035599652784787134,48,0.2256342
48,MEAT,151,4.101685268481807,0.3022846257981814,48,1.8123652
48,MEAT-PCKGD,186,3.3586986301369866,0.18492958536722212,48,1.7682034
48,MISC SALES TRAN,41066,4.0160565704063,0.012122416534181238,48,1.765359
48,MISC. TRANS.,6,0.876,0.0,48,0.41612843
48,NUTRITION,63,2.4053999999999998,0.039117487818083385,48,1.6610137
48,PASTRY,114,2.9995180722891566,0.09695035896177209,48,1.7682034
48,PRODUCE,515,2.0054008438818567,0.1211594259532439,48,1.3953648
48,SALAD BAR,12,3.3225,0.01870539010583313,48,1.765359
48,SEAFOOD,4,6.862500000000001,0.4307341352136043,48,1.9793289
48,SEAFOOD-PCKGD,15,5.236363636363636,0.13426573426573427,48,1.9279405
48,SPIRITS,1,15.23,0.0,48,2.070949
